name,price
Диван Льери Мини Velvet Light,74 740
Диван Нумо Velvet Yellow,43 690
Диван угловой Эби-1 Velvet Coral,83 940
Диван Бонент Velvet Eclipse,88 540
Диван Нумо Мини Textile Yellow,28 740
Диван Линс Velvet Navy Blue,40 240
Диван угловой Эдвин Velvet Smoke,86 240
Диван Бруквиль Velvet Blue,57 490
Диван Байма Velvet Grey,80 490
Диван Спейс Velvet Beige,74 740
Диван угловой Беллер Textile Yellow,45 990
Кресло Бенел Cozy Ivory,40 240
Диван Нумо Velvet Grafit,43 690
Кресло-кровать Маре Мини Velvet Grafit,25 290
Диван Клаймар Velvet Beige,65 540
Диван Марей Soft Grey,103 490
Диван Сваут Velvet Grey,74 740
Диван Линс Velvet Grafit,40 240
Диван угловой Аронт Мини Velvet Pink,67 840
Диван Рейли Velvet Coral,42 540
Диван угловой Вайвел Barhat Forest,103 490
Диван Бруквиль Velvet Smoke,57 490
Диван Коренс Happy Grey,35 640
Диван угловой Шера Velvet Light,118 440
Диван Види Textile Ocean,29 890
Кресло Пайл Barhat Beige,27 590
Модульный диван Brera-2 Velour Mix,121 880
Кресло Гета Soft Silver,40 240
Диван угловой Нумо Velvet Yellow,55 190
Модульный диван Нолан-B 3 Soft Jungle,132 220
Кресло Элвит Cozy Ivory,34 490
Диван Сваут Velvet Mustard,74 740
Кресло Рибс Velvet Beige,34 490
Пуф Кропс Bucle Smoky,10 340
Пуф Лонди Cozy Beige,13 790
Диван Мисл Barhat Mint,86 240
Диван угловой Мейлон Velvet Eclipse,57 490
Диван Нумо Мини Textile Light,28 740
Диван угловой Бонент Velvet Grey,103 490
Диван Рейли Velvet Mint,42 540
Диван Риббл-2 Bucle Lilac,79 340
Диван угловой Маркфул Velvet Ocean,91 990
Кушетка Роби Textile Coral,22 990
Диван угловой Нумо Velvet Grey,55 190
Кушетка Оренте Soft Sky,54 040
Пуф Бане Cozy Ginger,11 490
Банкетка Аймо Textile Light,11 490
Диван Лонди Mima Pink,103 490
name,price
Диван Льери Мини Velvet Light,74 740
Диван Нумо Velvet Yellow,43 690
Диван угловой Эби-1 Velvet Coral,83 940
Диван Бонент Velvet Eclipse,88 540
Диван Нумо Мини Textile Yellow,28 740
Диван Линс Velvet Navy Blue,40 240
Диван угловой Эдвин Velvet Smoke,86 240
Диван Бруквиль Velvet Blue,57 490
Диван Байма Velvet Grey,80 490
Диван Спейс Velvet Beige,74 740
Диван угловой Беллер Textile Yellow,45 990
Кресло Бенел Cozy Ivory,40 240
Диван Нумо Velvet Grafit,43 690
Кресло-кровать Маре Мини Velvet Grafit,25 290
Диван Клаймар Velvet Beige,65 540
Диван Марей Soft Grey,103 490
Диван Сваут Velvet Grey,74 740
Диван Линс Velvet Grafit,40 240
Диван угловой Аронт Мини Velvet Pink,67 840
Диван Рейли Velvet Coral,42 540
Диван угловой Вайвел Barhat Forest,103 490
Диван Бруквиль Velvet Smoke,57 490
Диван Коренс Happy Grey,35 640
Диван угловой Шера Velvet Light,118 440
Диван Види Textile Ocean,29 890
Кресло Пайл Barhat Beige,27 590
Модульный диван Brera-2 Velour Mix,121 880
Кресло Гета Soft Silver,40 240
Диван угловой Нумо Velvet Yellow,55 190
Модульный диван Нолан-B 3 Soft Jungle,132 220
Кресло Элвит Cozy Ivory,34 490
Диван Сваут Velvet Mustard,74 740
Кресло Рибс Velvet Beige,34 490
Пуф Кропс Bucle Smoky,10 340
Пуф Лонди Cozy Beige,13 790
Диван Мисл Barhat Mint,86 240
Диван угловой Мейлон Velvet Eclipse,57 490
Диван Нумо Мини Textile Light,28 740
Диван угловой Бонент Velvet Grey,103 490
Диван Рейли Velvet Mint,42 540
Диван Риббл-2 Bucle Lilac,79 340
Диван угловой Маркфул Velvet Ocean,91 990
Кушетка Роби Textile Coral,22 990
Диван угловой Нумо Velvet Grey,55 190
Кушетка Оренте Soft Sky,54 040
Пуф Бане Cozy Ginger,11 490
Банкетка Аймо Textile Light,11 490
Диван Лонди Mima Pink,103 490
name,price
Диван Льери Мини Velvet Light,74 740
Диван Нумо Velvet Yellow,43 690
Диван угловой Эби-1 Velvet Coral,83 940
Диван Бонент Velvet Eclipse,88 540
Диван Нумо Мини Textile Yellow,28 740
Диван Линс Velvet Navy Blue,40 240
Диван угловой Эдвин Velvet Smoke,86 240
Диван Бруквиль Velvet Blue,57 490
Диван Байма Velvet Grey,80 490
Диван Спейс Velvet Beige,74 740
Диван угловой Беллер Textile Yellow,45 990
Кресло Бенел Cozy Ivory,40 240
Диван Нумо Velvet Grafit,43 690
Кресло-кровать Маре Мини Velvet Grafit,25 290
Диван Клаймар Velvet Beige,65 540
Диван Марей Soft Grey,103 490
Диван Сваут Velvet Grey,74 740
Диван Линс Velvet Grafit,40 240
Диван угловой Аронт Мини Velvet Pink,67 840
Диван Рейли Velvet Coral,42 540
Диван угловой Вайвел Barhat Forest,103 490
Диван Бруквиль Velvet Smoke,57 490
Диван Коренс Happy Grey,35 640
Диван угловой Шера Velvet Light,118 440
Диван Види Textile Ocean,29 890
Кресло Пайл Barhat Beige,27 590
Модульный диван Brera-2 Velour Mix,121 880
Кресло Гета Soft Silver,40 240
Диван угловой Нумо Velvet Yellow,55 190
Модульный диван Нолан-B 3 Soft Jungle,132 220
Кресло Элвит Cozy Ivory,34 490
Диван Сваут Velvet Mustard,74 740
Кресло Рибс Velvet Beige,34 490
Пуф Кропс Bucle Smoky,10 340
Пуф Лонди Cozy Beige,13 790
Диван Мисл Barhat Mint,86 240
Диван угловой Мейлон Velvet Eclipse,57 490
Диван Нумо Мини Textile Light,28 740
Диван угловой Бонент Velvet Grey,103 490
Диван Рейли Velvet Mint,42 540
Диван Риббл-2 Bucle Lilac,79 340
Диван угловой Маркфул Velvet Ocean,91 990
Кушетка Роби Textile Coral,22 990
Диван угловой Нумо Velvet Grey,55 190
Кушетка Оренте Soft Sky,54 040
Пуф Бане Cozy Ginger,11 490
Банкетка Аймо Textile Light,11 490
Диван Лонди Mima Pink,103 490
